{
  "Capricórnio": 0.081153,
  "Aquário": 0.08293,
  "Peixes": 0.088454,
  "Áries": 0.087569,
  "Touro": 0.09061,
  "Gêmeos": 0.089624,
  "Câncer": 0.087742,
  "Leão": 0.082757,
  "Virgem": 0.082863,
  "Libra": 0.077359,
  "Escorpião": 0.07512,
  "Sagitário": 0.073818
}